UserName,LastLogin
bwaren0,22-07-15 2:41
lartus1,03-11-72 4:45
sdunseath2,15-01-67 22:13
ikirstein3,28-11-59 11:46
wkinny4,07-11-07 6:29
euman5,10-01-87 20:09
fyukhnini6,08-02-76 1:41
lmckirton7,24-04-52 0:32
liwanicki8,28-02-90 20:14
mcremer9,15-10-86 19:45
kharropa,30-10-06 7:08
alaurenzb,28-09-86 17:02
mselvesterc,15-01-01 9:33
nbruinemannd,24-05-85 22:50
dsallisse,23-05-16 17:19
glodevickf,30-08-15 4:03
hwoofindeng,24-01-61 19:42
vwandh,20-06-04 7:34
lsuddelli,11-05-64 9:38
hantyshevj,22-03-12 1:27
rschusterk,16-09-63 13:59
abennetonl,23-07-75 20:32
mpleumanm,01-12-56 17:47
ahappertn,27-09-66 17:56
eshadracho,23-03-66 19:17
mschooleyp,11-07-78 23:50
thuorticq,15-07-04 14:49
mwasbeyr,20-05-58 11:41
anewlins,23-07-04 20:15
kgovinlockt,03-12-97 12:22
lkirtlandu,01-07-07 1:41
gcianelliv,08-12-84 2:20
pgertyw,23-10-00 18:20
edentonx,18-05-95 18:18
strimy,06-12-00 17:00
lheakez,30-08-76 13:02
nbamford10,12-06-17 1:36
pvannet11,17-08-01 20:21
myurkin12,07-10-83 0:48
cmourge13,29-12-51 21:17
sunworth14,02-10-73 5:46
ggummer15,09-07-74 22:10
djesper16,10-10-03 12:38
tbrabham17,31-03-74 11:02
smaccague18,04-06-99 4:32
oattrie19,07-02-86 19:53
emorville1a,02-11-75 8:01
sdurak1b,05-06-58 5:05
tgarrals1c,13-09-08 7:54
vsharnock1d,07-12-95 22:11
mrabbitt1e,18-11-04 4:24
fshepeard1f,11-10-90 10:42
dseedman1g,10-02-79 7:21
hdominici1h,14-01-52 6:37
kimrie1i,28-10-85 17:43
nwaadenburg1j,06-02-61 12:37
gminillo1k,12-07-14 21:18
cogilby1l,29-08-07 20:53
lblucher1m,13-08-02 13:43
dbloodworthe1n,06-06-12 10:48
equelch1o,02-10-59 16:14
mtwaite1p,15-12-14 20:18
fcharlotte1q,25-09-58 2:12
vbletsoe1r,30-01-71 2:22
lsenecaux1s,07-12-05 0:25
bmatura1t,26-05-83 10:23
rmcneil1u,02-02-66 2:28
jfarahar1v,06-08-59 6:49
hbansal1w,24-04-13 22:42
smollitt1x,26-06-79 2:12
nspillane1y,07-06-97 16:31
sbode1z,21-08-88 21:39
adeclerq20,12-01-66 3:10
tlarose21,21-06-84 15:07
kkennady22,16-08-78 20:40
bscandwright23,06-09-67 13:21
glethem24,03-09-65 9:59
lthurlbourne25,02-11-16 8:22
gbusse26,20-11-58 18:57
tpepler27,13-11-78 5:27
bmccobb28,16-04-10 20:08
lfilshin29,21-07-89 14:25
fvinecombe2a,05-08-87 14:05
dperris2b,04-06-97 17:55
braybould2c,09-07-79 11:13
djoint2d,04-02-15 18:53
crawlings2e,14-12-88 2:32
imackilpatrick2f,12-03-75 10:50
asalisbury2g,01-07-09 3:46
bshevlan2h,28-10-81 13:26
pclunie2i,19-01-80 19:02
cbelch2j,09-12-93 4:45
amoloney2k,12-11-04 7:09
ecankett2l,07-07-05 9:14
acaddy2m,14-01-67 20:35
wworrell2n,15-09-78 13:25
lsimonyi2o,12-05-73 15:34
oodhams2p,02-12-00 0:51
dgurdon2q,23-08-94 7:58
efealty2r,03-11-75 3:29
gbackshell2s,09-03-11 5:42
hpafford2t,09-11-90 11:22
hkeast2u,27-08-64 23:16
erantoull2v,28-01-50 7:49
mcarmo2w,24-01-67 21:31
kholdey2x,17-05-04 4:02
gbradnock2y,14-07-88 16:40
ninder2z,18-02-94 13:58
gjudkin30,29-10-10 8:42
mpriest31,07-10-87 6:06
lepgrave32,04-02-17 9:01
adulton33,27-05-52 11:03
mforrest34,24-03-60 11:11
kmcfarlan35,22-11-01 0:03
hvasyutochkin36,29-06-99 2:18
vdivis37,05-07-94 15:37
jattle38,14-10-93 6:49
treyner39,09-02-99 13:10
mvanichkin3a,06-06-12 17:49
rcrosfield3b,25-03-53 3:08
mblanking3c,22-07-92 18:13
mfussen3d,13-02-67 22:43
ynayshe3e,07-01-07 1:59
mcoldicott3f,03-10-88 11:23
ywalsh3g,13-05-66 22:07
vkinney3h,03-05-54 7:24
bmcpolin3i,23-06-00 2:49
adeer3j,06-05-76 9:10
wfernando3k,22-02-05 15:32
abisatt3l,07-01-84 2:36
akuhwald3m,02-03-76 10:10
amacdirmid3n,29-12-82 13:33
ldowell3o,21-05-14 6:12
glidstone3p,23-12-84 5:52
hbarlas3q,05-07-89 12:01
cabrahams3r,01-03-16 13:33
gcolebeck3s,13-05-65 2:02
lroussel3t,17-08-50 16:07
jgronaller3u,16-11-95 7:46
kcanham3v,06-08-56 20:19
rwennington3w,18-07-73 1:03
ccroal3x,06-09-60 18:21
hvaughten3y,21-10-95 0:45
bturrill3z,27-03-73 14:16
canderson40,18-12-95 23:33
mcoviello41,28-01-97 16:32
lmitchall42,14-11-54 19:59
xipgrave43,18-12-65 15:57
emclagan44,22-04-69 2:34
roulett45,24-02-87 21:12
pbolwell46,11-05-97 14:46
lferschke47,07-07-06 20:21
wpipkin48,29-05-05 23:52
rkesby49,16-08-01 22:38
lech4a,01-07-61 9:43
nainge4b,04-02-00 8:06
bsummersby4c,15-07-88 20:32
ndetloff4d,16-12-78 19:35
dlucio4e,17-02-18 6:59
sandersch4f,21-12-86 11:26
stwiddle4g,27-05-64 3:02
kvamplus4h,04-03-81 14:54
hrenehan4i,28-08-97 21:30
kcasado4j,10-09-59 15:38
cgander4k,13-12-58 4:56
dmunning4l,14-09-74 4:26
edahlman4m,23-04-81 2:42
rbrissard4n,28-10-94 16:06
ocrucetti4o,04-07-92 11:55
kthalmann4p,15-12-80 18:38
jgleder4q,08-04-84 19:32
nhofton4r,09-11-58 7:01
llinley4s,06-07-76 6:05
dgurnett4t,31-07-04 20:06
taxtonne4u,07-08-50 11:30
vprestney4v,05-09-06 15:51
elynes4w,13-10-72 18:48
abaddoe4x,27-03-67 19:05
jcottem4y,03-03-09 12:31
cceeley4z,31-08-96 12:25
estallard50,01-02-54 19:11
kschottli51,05-08-82 6:34
hethridge52,12-11-15 16:54
csmalman53,09-09-05 15:08
carents54,09-08-78 18:57
kberesfore55,03-12-71 15:36
ebampford56,10-02-81 0:45
mseeley57,13-10-98 0:56
eheinel58,13-07-85 20:13
lbrambley59,24-03-06 9:37
wbellee5a,30-07-16 9:41
hbeauchop5b,21-09-15 8:04
tmeneo5c,14-08-93 19:07
pkrolik5d,05-03-95 5:24
mkalvin5e,23-03-04 11:48
aizaks5f,10-06-63 13:19
iminchinton5g,18-12-12 11:22
sogrogane5h,03-02-13 18:32
mhitschke5i,29-03-80 19:33
tmeighan5j,01-04-85 14:52
pchace5k,20-07-86 5:38
bmatteoli5l,28-01-53 8:34
shaslum5m,19-12-85 23:43
sulyet5n,03-09-52 1:54
dwakefield5o,05-11-50 17:52
eshieber5p,17-02-71 17:59
lmelpuss5q,09-03-95 17:50
jwearn5r,25-07-15 4:22
reverex5s,13-05-74 19:37
ekibel5t,24-05-09 2:37
educker5u,24-12-64 1:11
ebroggini5v,06-08-77 21:07
hscriven5w,04-12-10 11:20
rpyvis5x,26-12-86 6:31
kkenshole5y,17-06-93 11:32
craulston5z,16-07-71 20:13
seden60,04-10-51 22:11
bdruel61,08-05-67 7:08
pfayter62,13-05-70 8:10
kwadwell63,11-04-73 11:20
pwoolis64,20-09-62 4:30
twenderoth65,07-03-57 16:24
ljandak66,20-08-53 15:52
odaoust67,17-12-01 3:36
bjarritt68,25-04-00 9:19
wrobken69,22-12-92 13:17
heglinton6a,27-06-71 19:39
dchatband6b,08-04-00 15:23
askeech6c,02-07-02 1:09
ahadland6d,09-02-09 20:31
tlamberto6e,25-11-71 7:30
ddigweed6f,04-03-14 11:06
smcavin6g,04-07-89 10:08
ddarridon6h,18-09-72 13:21
tdingley6i,15-06-87 5:21
fbanisch6j,10-01-83 4:56
wbedle6k,24-10-07 17:13
jianiello6l,28-05-59 3:12
earington6m,31-08-08 7:00
lwainscot6n,04-09-68 15:13
smcmichael6o,24-02-79 5:11
fsearle6p,05-04-70 15:58
zgandar6q,24-12-81 15:41
sflemyng6r,13-01-76 23:52
eharrald6s,10-01-85 8:17
aarthars6t,21-08-74 12:20
egumn6u,18-02-14 2:23
fshirrell6v,21-08-17 1:40
fgoundrill6w,10-06-59 12:31
pragsdale6x,29-08-67 23:45
hyearron6y,25-04-57 20:13
bstandering6z,07-09-79 23:45
aelrick70,24-04-65 5:26
jorniz71,27-01-74 14:18
hbellhanger72,14-03-88 17:23
sbloss73,30-01-56 14:08
tlackham74,02-03-86 4:24
acoyle75,24-07-87 8:27
shanratty76,25-07-52 7:02
rassender77,16-12-14 14:52
vlints78,14-05-79 23:04
scudbertson79,10-06-99 2:58
jmercik7a,24-01-05 3:39
ocourson7b,10-05-05 1:14
pjeaycock7c,30-08-13 0:42
cbrahams7d,16-04-03 4:18
syouthead7e,05-05-90 9:28
vsaich7f,15-11-89 1:14
fdelos7g,04-04-17 23:48
bwoltering7h,14-10-08 15:47
ckoomar7i,03-03-65 17:44
rkienzle7j,30-05-07 19:06
mshippey7k,11-04-87 9:08
lfidgett7l,16-06-05 11:00
hstansell7m,02-02-10 10:17
hvogeler7n,10-05-55 5:21
bmethven7o,24-01-71 11:00
fscragg7p,05-10-13 6:09
flatta7q,03-11-79 5:18
gtarply7r,29-06-01 5:08
alawlor7s,14-05-08 16:40
iorvis7t,24-03-63 21:41
flowles7u,24-08-65 23:15
pluscott7v,15-11-52 7:26
gbollard7w,15-04-96 2:48
qmarusyak7x,03-04-09 12:42
mbrydon7y,20-07-90 12:12
molivetta7z,24-07-76 4:18
jpeacher80,02-04-56 19:18
qpickavant81,07-02-95 18:39
lduffan82,01-04-09 0:32
tloverock83,29-01-16 21:02
lhanford84,20-09-06 23:16
wtesauro85,04-02-77 22:16
mdurber86,19-02-75 20:11
cbines87,10-05-85 6:53
yalbin88,19-09-76 2:26
dbidwell89,02-10-93 17:11
fstoeckle8a,14-01-12 6:04
mbrandom8b,18-10-70 5:50
mbufton8c,02-12-11 9:48
cduffett8d,11-07-02 22:42
jlovitt8e,28-11-16 9:10
cdiggons8f,12-03-93 20:17
agrimble8g,29-12-73 12:14
ybrownill8h,22-01-81 2:32
sgerbel8i,15-06-06 13:09
smarkham8j,29-05-62 7:12
bphinnessy8k,22-02-09 9:16
mtapsfield8l,06-12-64 16:22
hfarreil8m,26-07-50 2:01
rniemiec8n,09-11-90 5:07
abeecroft8o,08-06-82 11:50
ekevane8p,15-06-77 3:12
sbonifazio8q,13-04-66 6:01
rastall8r,21-01-99 6:50
mbabalola8s,19-07-00 5:13
gmcniven8t,02-06-83 9:25
aside8u,06-06-62 1:10
cyushkov8v,17-05-68 13:14
chelleker8w,11-09-69 16:13
mjanauschek8x,18-01-81 2:46
cdecourtney8y,05-11-54 15:33
sdungate8z,22-11-72 13:08
ahalewood90,28-10-74 16:54
tmccleverty91,19-10-86 14:00
elovemore92,21-05-11 13:36
bbohlje93,02-01-05 19:44
bverheyden94,05-11-02 21:36
wwhelband95,15-12-98 13:27
mhammerson96,05-12-13 2:48
scheeld97,05-11-02 13:36
uballentime98,03-06-64 4:53
jogilby99,30-12-65 1:43
cmcilvenna9a,04-07-76 0:39
ddanev9b,30-10-98 5:32
dviant9c,06-02-18 8:11
luttridge9d,23-06-60 8:10
myoules9e,07-02-80 13:56
etrevna9f,26-09-16 20:26
sfarndell9g,08-04-57 1:03
sding9h,17-08-10 21:44
famoore9i,11-08-02 5:17
schilds9j,03-11-10 14:09
lmatticci9k,08-03-85 13:42
rcoytes9l,02-05-65 0:32
nhansbury9m,04-07-58 5:35
lconeybeare9n,04-04-06 3:45
fgillhespy9o,15-06-60 18:12
ihollier9p,18-08-04 20:53
zscherer9q,30-01-70 23:16
mhenken9r,29-05-55 0:36
bklosa9s,04-01-52 12:13
dlaweles9t,30-06-81 9:53
pemsden9u,21-10-96 1:07
hlyfield9v,26-12-67 10:53
ntanby9w,28-06-02 16:09
vcambell9x,06-02-92 10:45
csquier9y,11-09-07 11:30
fupsale9z,10-08-80 16:57
bmcswana0,30-09-05 17:24
jflintuffa1,25-03-96 15:35
peakleea2,11-03-82 13:34
maleksica3,01-02-59 17:01
nfitta4,07-02-71 9:14
lrasha5,26-09-58 20:26
mgladdisha6,17-03-94 11:30
dmcgiffiea7,28-11-55 4:15
lbevisa8,18-04-61 14:16
flatana9,30-08-90 21:40
tmccroryaa,03-04-69 13:59
dtrevaskisab,12-11-68 5:57
fpinderac,05-10-90 5:02
sglencrossad,29-04-01 12:44
hmosebyae,24-08-68 3:07
dbartaliaf,22-06-71 8:18
fboissierag,24-07-69 18:53
ebernardottiah,28-11-91 3:52
twadlyai,03-02-87 2:11
sroafaj,05-12-85 19:51
jweatherupak,14-06-62 16:30
bstudal,17-01-15 16:16
spirtam,02-08-72 20:09
tpreslandan,19-03-15 11:51
asiburnao,14-12-58 4:19
rgrederap,16-01-56 23:49
bsheddenaq,23-01-83 23:32
lgianniniar,21-12-61 23:56
jstivanias,23-11-66 4:50
rlaingmaidat,28-04-95 8:14
dolcotau,05-02-13 14:33
dlungeav,19-11-70 17:32
citschakovaw,23-11-82 17:44
ablightax,02-04-83 14:40
dpilpovicay,28-10-90 17:54
uplaiceaz,24-10-92 21:57
sberryclothb0,17-08-82 22:01
anewberryb1,05-01-84 13:13
rmissendenb2,24-11-65 22:17
dgrayshonb3,20-01-88 6:59
adeclercb4,14-03-92 13:57
dgomarb5,24-01-77 14:06
cwotherspoonb6,12-04-91 6:34
spendleberyb7,18-08-99 13:36
pallcroftb8,19-10-88 5:30
jnutbeamb9,07-11-53 5:24
csabathierba,07-11-99 20:34
csabbinbb,14-04-50 5:36
mofergusbc,01-10-67 1:46
ytantumbd,20-07-07 17:19
rdictusbe,04-06-10 0:31
eimpettbf,06-12-79 20:50
jkinsmanbg,05-09-50 6:38
chefferanbh,29-08-67 3:14
efosberrybi,04-08-83 11:16
eottewellbj,17-04-99 15:28
jtripettbk,28-07-71 1:22
munionbl,03-11-82 7:50
dpallisbm,25-02-14 17:25
tsimaobn,09-09-88 2:55
klinwoodbo,14-08-15 2:03
bbrotherhoodbp,03-09-72 11:17
kgarmsbq,30-09-04 4:49
oniccolsbr,20-05-65 4:11
astutterbs,31-10-95 21:52
ypfifferbt,02-10-89 7:54
cflawithbu,15-09-73 7:11
jspinneybv,01-03-78 8:24
lpurslowbw,02-04-75 23:11
awillartonbx,07-12-53 1:47
tulyetby,23-01-91 22:51
ldelayglesiasbz,03-06-82 18:04
kdowntonc0,14-06-70 22:01
lruddyc1,04-07-03 8:31
rworthingtonc2,07-09-72 11:30
haylesburyc3,16-04-09 0:04
hhendrickxc4,04-12-62 11:42
mmatteaccic5,27-12-99 19:21
hfaustianc6,26-01-74 15:29
eguntripc7,09-06-89 23:26
ehuntc8,09-03-84 4:54
kvairowc9,30-11-92 10:50
faldrickca,03-11-57 10:19
dcummungscb,24-04-53 0:04
ivequecc,31-08-89 8:17
mcurnokcd,28-07-91 20:08
ffraginoce,20-08-15 7:50
jballochcf,04-10-09 8:20
rsidwickcg,04-11-86 20:46
atomasekch,30-05-82 15:52
epatridgeci,22-06-99 14:41
gmoylecj,09-03-59 9:12
kminshullck,24-11-56 12:55
pdumbartoncl,27-07-87 21:27
scasterotcm,21-07-01 4:36
rartoncn,09-11-50 15:52
nthundermanco,19-11-98 11:20
bgaspardcp,25-02-18 14:18
svowelscq,15-12-82 4:59
chornbucklecr,06-03-58 17:32
cfisbburnecs,11-09-01 3:28
jseggect,01-03-53 3:47
alennoxcu,01-01-15 21:30
klagaducv,23-02-61 13:21
cjerroldcw,27-04-75 19:08
tmacconnellcx,10-03-96 7:34
gdunniomcy,26-10-11 16:18
pfaircz,01-08-87 20:25
hduchateld0,04-03-87 18:50
bnorringtond1,11-05-78 11:01
bruitd2,29-09-08 16:04
vquind3,18-04-53 17:25
lchiplend4,26-02-85 20:39
mbowlesd5,24-06-66 9:31
npesakd6,23-10-06 0:10
rdemalchard7,27-04-55 20:02
bbraynd8,18-09-83 12:07
ddennehyd9,01-09-73 6:48
xnuscheda,04-07-77 19:08
cjohnigandb,14-02-53 1:11
aormandc,30-01-01 23:56
aantonescudd,29-03-77 8:12
mbogaertde,14-05-16 22:43
chundelldf,19-03-68 22:11
wkelshawdg,03-02-55 14:49
pheijnendh,21-06-09 17:29
krudalldi,01-10-67 23:25
lpearlmandj,14-10-78 5:30
cliverockdk,03-11-15 5:01
qzanottidl,21-12-95 22:27
rstarkingdm,17-10-17 2:11
cshambrookedn,28-10-69 6:16
mhockingdo,19-03-61 14:14
rbetancourtdp,01-10-89 14:36
gwillmettsdq,14-03-60 7:38
sthoriusdr,19-10-95 23:16
toldknowds,10-01-02 14:04
jworkdt,09-08-89 21:50
jlouedeydu,20-02-91 2:29
aateggartdv,28-05-93 20:36
jscatcherdw,04-01-93 8:52
mbasezzidx,07-11-87 10:23
abrandlidy,22-01-60 23:55
samiesdz,11-04-72 1:40
rcasole0,22-04-66 5:42
kgeorgele1,06-09-93 17:13
vbuttlee2,30-11-78 15:13
kmcdermottrowe3,26-08-93 2:56
pnailee4,11-04-89 16:50
locurneene5,24-06-10 11:02
hneligane6,05-07-85 1:50
aancelle7,16-06-01 14:09
adelacotee8,22-01-55 12:36
gplaine9,19-09-17 15:59
ipedderea,26-05-01 23:23
ekelsoneb,04-02-64 8:47
gjohananovec,12-08-04 18:16
bbloschkeed,28-10-73 0:39
sfaustianee,15-11-15 10:13
kcampanelleef,06-07-92 3:59
dcallendereg,30-01-79 6:09
bbenezeeh,04-06-82 18:32
cletfordei,26-06-78 20:57
acrasswellej,18-04-10 4:26
tgolderek,16-12-52 18:15
eexallel,25-09-03 13:57
gpetrukem,19-10-02 17:43
jfainten,15-06-17 9:57
vbleaseo,05-01-66 4:56
mheballep,16-07-66 1:46
tsnodayeq,12-10-82 10:59
graulstoneer,24-09-77 23:57
lbarmees,10-05-98 11:27
ljacobowitset,15-09-73 22:36
cmaddafordeu,02-04-95 8:10
mrupkeev,09-10-09 4:22
cgelsthorpeew,03-01-17 20:45
ipenniex,04-05-63 18:04
kcockiney,06-09-81 6:42
jlentonez,09-08-11 21:49
jcraggf0,10-02-78 20:05
fmelluishf1,04-09-72 8:53
hrembrandtf2,11-12-83 9:06
gvonderemptenf3,27-02-97 16:13
cbrymnerf4,25-11-68 8:43
amaccathayf5,06-09-98 16:19
erubertif6,28-06-64 15:38
ahalledayf7,23-06-11 3:13
ipollardf8,24-01-75 20:25
lniemiecf9,29-11-12 23:12
jantalffyfa,11-04-92 10:48
mfourmyfb,11-12-89 1:07
bharbidgefc,25-01-58 14:10
tmckernanfd,25-04-08 1:16
jfinderfe,30-06-08 9:44
dryamff,03-05-02 21:38
jdecristofalofg,23-06-96 17:08
fbesfh,23-08-83 21:39
hharrimanfi,08-04-10 13:20
cklossmannfj,16-12-76 10:47
oiacovuccifk,23-09-72 20:22
agaskinfl,01-07-74 9:05
glookerfm,30-10-73 6:28
oparrisfn,05-09-88 23:11
dhouchenfo,26-05-65 1:31
ssudworthfp,05-01-73 0:19
monyonfq,04-12-04 6:51
chumanfr,29-06-92 0:16
ikerbeyfs,29-05-53 9:40
drauft,20-12-04 14:52
bdanielfu,04-02-89 12:19
sjohnstonefv,31-05-72 23:29
mpllufw,23-08-60 16:59
awhitingfx,21-05-64 8:48
kpestellfy,27-11-62 7:28
rchalonerfz,28-05-89 17:50
bwhytemang0,20-10-60 1:38
kreichertg1,27-01-57 16:14
hsafontg2,15-10-74 19:09
gwharramg3,17-06-68 16:46
amarnesg4,25-12-75 15:49
tmcmorrang5,28-11-70 3:04
vmcgeachyg6,26-06-61 9:57
nkhristoforovg7,07-02-79 20:24
mcraggg8,09-02-54 16:20
wrontschg9,31-01-97 23:27
tcollacombega,30-12-95 17:17
ajestegb,27-08-05 11:42
ihuxtablegc,10-11-11 10:23
ccresargd,07-05-84 13:48
jkytleyge,08-03-02 7:59
ichelnamgf,03-01-00 15:03
edenyukhingg,19-04-69 16:44
hreddangh,04-10-65 23:49
sgascardgi,20-06-59 18:15
gstennetgj,22-09-03 14:54
bdradeygk,06-10-72 2:27
nmacdonellgl,11-06-73 9:43
eabbeygm,05-04-68 2:01
ddellenbrokgn,04-04-92 7:35
bwillcotgo,28-09-54 7:03
amonckmangp,16-07-03 16:45
bpickrellgq,20-07-64 5:56
eshallcrassgr,02-02-87 17:02
mrishbrookgs,21-03-93 0:20
tgetcliffgt,05-01-05 16:54
hversongu,24-11-14 21:42
cmolinegv,14-02-01 12:03
cclaveygw,15-12-87 10:32
tbichardgx,21-08-09 8:01
sdanielotgy,16-04-81 22:05
ojarrelgz,08-04-59 5:48
lsandellh0,30-06-76 11:00
dscargleh1,05-07-98 18:51
scomellinih2,13-06-59 4:17
kbuggsh3,13-01-85 0:21
mquadeh4,18-01-07 4:53
ltrewarthah5,16-07-81 5:51
baireh6,18-05-15 8:07
hjoslandh7,16-02-07 23:59
jbeevorh8,29-09-65 2:27
cslocketh9,16-12-04 4:44
mbrikha,17-06-09 12:11
jforganhb,05-01-50 23:39
sisacssonhc,12-03-50 20:29
aossultonhd,17-07-58 4:38
gfolominhe,04-04-51 21:26
pheinzlerhf,15-09-69 6:34
kblagburnhg,24-02-97 8:46
aspilemanhh,14-11-61 18:29
pfitzmauricehi,26-11-13 16:03
tbeazeyhj,30-12-69 21:05
aodoghertyhk,13-05-04 23:16
mdudderidgehl,29-07-82 1:21
aplosehm,30-06-98 7:09
tcastilljohn,22-01-56 17:59
tpicoppho,06-10-13 16:28
cranyellhp,03-10-78 10:42
fchaundyhq,08-06-63 15:44
bvirgoehr,16-10-63 4:08
dleesonhs,22-12-81 7:39
egrossmanht,07-02-07 23:51
brolfohu,02-02-05 5:06
aaudleyhv,15-01-05 6:17
vvillaronhw,02-12-66 17:31
srhymerhx,15-02-94 21:48
rvannozziihy,25-10-86 4:52
egoodingehz,26-11-64 17:37
lwissbeyi0,07-08-03 22:53
lgowleri1,27-04-03 19:58
rdwellyi2,04-10-04 21:20
astrangmani3,17-02-66 8:52
psweetenhami4,04-02-63 18:50
mindruchi5,12-05-83 13:34
ecoulei6,21-11-07 7:17
lbothiei7,26-04-91 16:24
fshivlini8,22-01-14 11:41
apeceyi9,24-05-76 16:58
tperhamia,14-05-09 4:52
gshoneib,14-09-07 2:26
kjinkinic,21-03-71 5:54
mschoolfieldid,22-12-59 6:41
omacneachtainie,04-01-65 13:11
tbramsomif,02-02-00 21:20
mclayhillig,11-10-05 12:06
rkyleih,27-08-92 3:54
sgoodliffii,21-04-80 12:04
aeverestij,19-04-76 9:17
dboaseik,12-03-56 13:53
hcumptonil,28-10-58 3:34
hgatecliffeim,25-02-01 23:29
kgadsdenin,03-05-86 23:34
dcasacciaio,05-05-76 18:03
msmallcombeip,07-01-15 11:28
mstayteiq,22-12-52 7:10
sthreadgoldir,21-01-12 21:00
fmaggioriis,29-11-58 2:23
smckinlayit,03-01-82 20:47
fgreaderiu,12-08-84 11:41
gpetrolliiv,26-09-56 19:52
gforsythiw,30-05-62 10:26
kolliarix,31-10-95 10:03
mwebborniy,10-05-00 8:14
glovelliz,23-04-09 13:09
jswadlenj0,29-03-03 22:31
edoolerj1,18-12-06 3:34
hamerighij2,06-07-78 17:40
lcogerj3,31-07-89 11:57
bbownessj4,02-01-03 7:53
adallanderj5,05-02-16 17:12
manglinj6,03-10-79 10:25
lellorj7,23-08-88 5:46
ahinchonj8,15-03-83 9:32
vbickmorej9,25-08-96 2:23
tnovotnija,14-08-53 15:49
yremirezjb,15-04-80 2:55
lfinckejc,24-10-64 4:36
kkasteljd,08-12-58 1:24
gdymokeje,27-04-96 6:57
rbrydenjf,17-02-74 7:29
egubbinjg,10-01-18 20:29
amcglaudjh,06-04-53 16:04
nworswickji,18-03-54 12:11
gbolinjj,27-07-71 5:28
chayfieldjk,27-11-05 1:37
ldoodneyjl,23-02-05 13:32
ceneasjm,17-02-65 1:27
hparysownajn,31-05-54 19:09
bcroysdalejo,18-11-53 19:54
ewilbyjp,23-11-83 17:47
xhaythornthwaitejq,26-07-93 9:32
pmirrallsjr,28-03-81 2:10
cbratchjs,06-03-72 1:33
zmclesejt,06-09-56 21:34
hweldrickju,12-07-72 7:20
dcailjv,21-07-02 7:58
uwoolstenholmesjw,30-09-95 5:54
arubkejx,24-08-11 11:42
rsaltwelljy,06-03-10 18:24
jliepinajz,08-12-58 14:46
dprangnellk0,29-10-15 20:50
qsimmersk1,31-12-00 12:15
mmerchantk2,12-05-70 15:45
astegerk3,13-06-12 10:25
lslowgravek4,24-10-72 0:35
zduntonk5,06-06-83 9:29
tcoolahank6,23-04-70 5:06
ctrucek7,24-03-65 14:18
mdenhamk8,01-10-99 4:14
hthorpk9,09-12-63 1:55
spetruka,13-07-92 11:39
kbuttingkb,03-10-96 14:03
lsanzkc,19-11-05 2:32
crittmeyerkd,14-09-60 16:37
wcoreyke,26-08-03 20:45
lhubballkf,06-01-12 2:20
mraisbeckkg,17-11-84 17:02
vgellierkh,24-08-03 14:58
lsmullinki,18-07-86 9:49
vandresserkj,04-02-58 6:23
dfearnehoughkk,15-11-04 20:56
swaterfallkl,21-09-68 8:51
pdawsonkm,24-05-86 12:31
sfenlonkn,07-01-99 22:48
atyzackko,22-12-57 15:09
mtweedkp,07-08-53 14:05
ewenzelkq,16-10-59 23:13
oduddellkr,13-01-93 20:16
ehalsoks,28-06-10 3:12
apendleberykt,12-08-75 13:01
jjewissku,23-06-80 8:06
cradbornekv,13-03-05 16:32
mbittanykw,26-06-96 3:48
cdeemkx,16-07-01 22:39
gaslieky,20-12-93 13:18
vrickertkz,01-06-16 3:26
nyannel0,13-04-14 11:54
bvahll1,09-06-61 3:51
rmcgorleyl2,14-08-83 15:30
lbroughl3,23-02-05 23:01
grotlaufl4,12-01-72 15:36
shuffyl5,08-12-51 6:48
vlanceterl6,07-12-80 21:21
mguideral7,12-09-13 17:35
jdurnfordl8,24-04-16 20:40
cterbeekl9,04-01-57 4:24
cwhitemanla,11-02-71 8:24
aaldislb,04-03-14 15:35
psemanlc,15-05-10 6:38
jcrumbleholmeld,09-02-70 12:05
efearensidele,01-11-97 16:44
smacarthurlf,07-02-74 14:52
lreadittlg,09-06-17 17:56
cmcilwraithlh,24-05-08 14:54
voatleyli,05-02-60 6:22
spasleylj,09-06-09 10:53
mbartholomauslk,09-09-07 3:46
vkeanll,29-08-58 7:53
rgrumbridgelm,11-03-09 3:26
fhavelineln,17-01-18 12:28
msommerscaleslo,08-12-59 12:57
tpottenlp,14-11-53 22:27
eouterbridgelq,12-06-06 2:56
rwyethlr,29-09-92 8:02
zmenichinils,13-07-79 1:07
fboytonlt,02-05-50 0:29
readlu,25-05-80 17:55
dmeindllv,16-01-75 23:36
tcahalanlw,20-07-64 17:11
achoulertonlx,19-11-61 6:08
mkirkely,21-06-74 22:01
dbortolottilz,13-03-61 20:00
kmurrhauptm0,12-08-52 9:21
amccrystalm1,20-10-83 4:37
zlodwigm2,30-10-14 19:17
tsparsholtm3,14-09-84 11:30
wmcleoidm4,08-10-08 16:45
cgavozzim5,09-01-03 21:43
dschulzm6,20-09-09 6:32
gslitem7,24-12-16 20:56
mpedriellim8,14-04-73 22:41
msollarsm9,04-03-68 14:11
ahartzenbergma,08-11-15 3:49
rgammonmb,17-04-63 17:19
dclaitonmc,30-03-95 5:10
tkynanmd,14-12-02 21:08
awilloughwayme,30-03-94 2:37
fpetchemf,07-09-78 15:20
bchaddmg,17-10-64 9:17
ckardosstowemh,27-06-88 20:55
mmasseimi,26-04-54 2:50
cgregorioumj,25-11-52 14:32
bturmelmk,26-08-06 8:51
tverrillsml,13-12-80 23:25
paldhousemm,23-09-68 18:24
rdeaconsonmn,13-10-58 14:26
bfarfalameevmo,28-12-93 0:36
jwortonmp,01-12-94 19:51
ghaysmanmq,29-06-92 21:38
nmartelmr,29-06-61 10:58
cgertzms,20-10-02 14:27
bgraveneymt,14-10-07 7:45
tarnkemu,22-09-13 9:13
goleymv,26-05-82 4:44
lwondraschekmw,28-01-55 4:29
chabgoodmx,03-08-52 8:04
jhimpsonmy,04-10-97 19:35
rmettsmz,08-05-83 16:29
bbirchnern0,17-05-93 20:04
awasonn1,03-09-61 14:55
jmuccinon2,28-07-11 15:59
scoplestonen3,10-10-03 5:09
sbartelotn4,03-10-88 15:00
mgodbaldn5,14-02-15 14:49
spidgleyn6,11-05-72 5:39
dorgenn7,25-06-95 8:49
ggearyn8,12-07-55 7:17
rgobyn9,26-05-00 19:02
mchaplinna,10-06-96 11:44
zmattysnb,21-02-60 9:55
mlocktonnc,15-11-86 14:01
egogiend,20-07-90 0:06
meagellne,11-11-16 14:38
jbellissnf,25-03-00 18:18
wheleng,13-06-52 22:31
arussinh,23-06-08 11:44
dhucknallni,26-08-50 17:15
flagenj,02-11-78 15:46
mrumgaynk,24-06-91 5:12
nproskenl,28-10-75 6:05
sbingnm,16-04-61 9:40
ivansonnn,31-10-93 4:17
gjollandsno,28-12-14 13:47
sclubleynp,06-10-79 14:16
wsmorfitnq,01-12-98 13:24
cwoodbridgenr,14-11-91 7:38
apollockns,19-02-92 6:17
jtanswillnt,28-04-65 7:16
koganiannu,29-05-84 11:05
ddennicknv,10-02-55 4:24
spineauxnw,02-09-63 15:04
mmcfarlandnx,30-09-70 14:55
mspurgeonny,12-06-95 10:20
tnewricknz,25-11-74 3:04
dskeletono0,02-06-60 10:33
mantonaccio1,09-02-14 6:43
nmacnucatoro2,18-02-90 13:27
rabramovicio3,13-11-92 2:43
rbaynhamo4,23-03-72 10:57
pbootyo5,05-08-82 4:14
cfiellero6,22-11-51 4:57
mleggeo7,16-12-67 20:24
yeversono8,20-10-72 18:26
etoftso9,19-04-78 1:39
csaywelloa,21-11-56 0:44
ceverestob,27-06-97 20:35
ajerrimoc,28-07-78 6:44
wfeaviourod,06-06-52 6:46
ntreskeoe,14-02-63 3:24
kdoddof,08-01-08 18:13
vhodgetsog,07-02-95 2:38
bgreggoh,09-04-08 19:30
rjorisoi,26-10-16 23:48
mandrinioj,13-01-97 7:54
bpaskinok,17-01-98 13:37
mkleinerol,26-03-68 11:31
sericksonom,20-04-93 8:43
wsteynoron,09-09-53 12:57
azelakeoo,14-10-90 13:56
ekitmanop,19-09-91 8:19
dheckoq,06-09-88 8:53
byarhamor,14-11-03 7:33
jpinsentos,25-04-59 3:36
rcreeot,10-09-81 1:19
rlarkou,03-07-04 6:56
itarpeyov,17-02-18 11:31
smarchentow,02-06-87 9:18
cklambtox,26-10-66 4:08
zsmalingoy,20-12-03 16:54
vhancornoz,20-06-95 5:42
amahmoodp0,27-10-14 15:01
xflacknoep1,24-02-62 14:07
khastp2,19-07-84 19:23
lodgerp3,28-05-90 12:25
tjedrzejewskip4,22-11-00 18:52
fmashp5,20-03-51 8:07
atrottp6,04-04-78 8:47
bclearyp7,27-07-02 20:45
ddewickp8,16-02-55 4:11
sgeikiep9,09-04-71 21:38
tcraighillpa,07-10-68 6:28
igrovespb,21-09-14 21:33
twilseypc,03-11-09 17:49
landriollipd,11-05-58 22:00
hgaskenpe,28-04-69 4:29
brothpf,04-02-62 18:49
kdomenichellipg,19-02-74 8:43
atrevorph,24-12-65 13:51
eswordpi,17-04-88 1:22
qwerrilowpj,17-08-80 22:12
ldahmelpk,16-01-70 1:12
adommerquepl,22-01-03 4:23
bhatterslaypm,26-12-69 22:34
lscurrerpn,01-04-68 14:27
cgonpo,22-09-05 1:54
lstanlakepp,24-01-61 18:51
lamesburypq,30-05-79 7:52
nheitzpr,24-03-57 20:27
rblaberps,23-11-60 14:38
fvowlespt,02-07-05 13:22
rquarmbypu,11-06-86 21:01
lberisfordpv,23-06-89 0:43
opethickpw,09-11-02 1:57
sbakeuppx,08-05-61 14:54
cotterpy,12-11-62 14:11
jstainspz,05-06-64 18:10
jforestallq0,22-01-01 1:18
sleytonq1,27-08-08 3:50
gbougourdq2,10-05-00 17:28
dstefanovicq3,08-07-03 8:01
ghuneq4,12-10-60 14:03
jgrisleyq5,22-03-83 18:37
acottieq6,21-07-92 17:17
athiesq7,30-04-99 8:52
ddeveyq8,28-08-00 4:42
kjoinerq9,02-04-85 9:25
lshermanqa,16-01-60 11:07
lstuttqb,22-11-06 10:44
bmandersqc,22-04-00 14:01
zphillpqd,13-09-03 11:17
sbernatqe,19-08-70 18:12
gdumphyqf,15-06-91 11:01
jboyceqg,08-12-55 20:01
mcroomeqh,30-06-98 5:48
ahuttqi,08-12-51 7:33
mmebesqj,05-12-16 5:38
sadairqk,20-06-03 10:07
afellowsql,14-06-00 17:48
ewaulkerqm,15-12-17 5:35
lgilloranqn,21-10-73 4:07
nbreacheqo,07-03-70 18:28
cgoingqp,24-08-98 23:58
rnussiiqq,09-09-54 14:08
tpoveyqr,22-02-71 22:33
ejehaesqs,03-12-58 14:52
ecampaqt,25-01-82 23:52
telstowqu,29-10-92 4:20
dmacciqv,29-03-65 0:31
hlillicropqw,20-11-86 7:13
edickerqx,24-06-53 19:50
ibloomerqy,20-06-68 0:53
eoborneqz,25-03-73 15:52
kflawsr0,21-03-78 1:57
ksutterfieldr1,11-03-89 22:39
cconklingr2,05-07-12 4:45
aberisfordr3,13-04-63 9:43
bchiltonr4,08-07-74 13:43
lloyleyr5,21-11-99 14:53
eferbyr6,28-11-64 5:19
bclearsr7,26-02-78 22:25
fstreetingr8,21-02-71 1:04
karnaudinr9,08-02-67 11:21
ccastaniera,21-03-80 7:11
msellimanrb,18-03-62 6:00
fhaddestonrc,17-04-96 8:19
zlethbridgerd,20-11-99 8:43
vgoodere,12-07-84 19:11
wallpressrf,06-09-53 12:48
glambdenrg,02-01-55 18:27
amarfieldrh,08-02-70 5:58
tarmstrongri,24-09-02 14:14
tpasfieldrj,17-01-82 20:54
rmasselrk,08-05-64 17:44
emordonrl,20-07-95 22:19
rcalbertrm,02-12-70 18:39
kbriddockrn,09-11-97 2:55
ctoulchro,16-04-97 15:20
cspriginrp,16-04-02 10:25
rlipscombrq,01-08-72 18:04
jpinchenrr,04-09-87 5:51
