UserName,DateOfBirth
bwaren0,10-10-99 11:20
lartus1,13-11-64 21:42
sdunseath2,07-01-74 10:45
ikirstein3,12-07-58 21:48
wkinny4,20-01-13 14:17
euman5,29-05-16 8:13
fyukhnini6,12-02-63 16:44
lmckirton7,03-02-16 8:50
liwanicki8,14-10-12 17:23
mcremer9,26-08-15 15:27
kharropa,01-07-16 15:37
alaurenzb,27-01-07 2:35
mselvesterc,07-12-97 11:54
nbruinemannd,22-05-08 12:27
dsallisse,27-02-06 21:02
glodevickf,12-02-64 22:31
hwoofindeng,15-10-72 23:02
vwandh,09-10-63 15:33
lsuddelli,10-07-51 15:49
hantyshevj,09-12-55 17:41
rschusterk,29-11-76 14:47
abennetonl,10-10-05 18:34
mpleumanm,08-05-16 10:35
ahappertn,30-10-95 9:37
eshadracho,23-10-88 17:42
mschooleyp,09-08-84 2:31
thuorticq,30-03-04 0:16
mwasbeyr,21-06-53 6:02
anewlins,04-05-03 15:31
kgovinlockt,13-11-04 13:07
lkirtlandu,03-11-86 3:26
gcianelliv,19-09-68 1:57
pgertyw,15-05-12 4:06
edentonx,14-02-12 3:54
strimy,25-02-50 17:33
lheakez,28-11-78 7:16
nbamford10,14-08-84 14:07
pvannet11,24-05-08 19:19
myurkin12,15-06-64 14:03
cmourge13,05-06-83 17:36
sunworth14,15-02-52 2:34
ggummer15,28-11-81 18:09
djesper16,20-11-57 15:29
tbrabham17,20-07-09 16:00
smaccague18,17-10-58 0:27
oattrie19,13-04-05 20:49
emorville1a,03-08-12 4:32
sdurak1b,18-03-89 3:40
tgarrals1c,04-09-99 12:50
vsharnock1d,20-06-99 7:05
mrabbitt1e,26-09-71 9:35
fshepeard1f,08-05-73 10:29
dseedman1g,01-11-83 20:38
hdominici1h,06-01-88 17:52
kimrie1i,08-02-66 12:16
nwaadenburg1j,16-11-69 14:15
gminillo1k,09-11-71 0:09
cogilby1l,08-08-66 18:48
lblucher1m,14-12-17 16:06
dbloodworthe1n,14-05-80 12:10
equelch1o,24-06-90 22:36
mtwaite1p,30-09-74 10:29
fcharlotte1q,27-07-67 19:02
vbletsoe1r,08-03-00 2:52
lsenecaux1s,15-12-07 13:05
bmatura1t,16-10-50 22:24
rmcneil1u,14-08-63 19:45
jfarahar1v,24-09-57 13:42
hbansal1w,11-04-09 5:11
smollitt1x,19-10-67 20:44
nspillane1y,29-08-79 23:27
sbode1z,03-06-67 4:14
adeclerq20,02-09-64 14:06
tlarose21,25-02-63 1:22
kkennady22,22-08-63 2:15
bscandwright23,18-09-80 19:29
glethem24,08-04-81 20:41
lthurlbourne25,08-09-00 19:47
gbusse26,30-10-02 17:24
tpepler27,18-04-03 14:10
bmccobb28,08-08-14 5:34
lfilshin29,13-09-14 19:14
fvinecombe2a,29-06-81 5:17
dperris2b,18-04-68 6:06
braybould2c,01-03-77 0:50
djoint2d,27-02-74 16:42
crawlings2e,12-07-12 22:11
imackilpatrick2f,29-06-82 3:42
asalisbury2g,19-02-02 0:46
bshevlan2h,13-12-70 14:38
pclunie2i,12-08-94 7:01
cbelch2j,04-01-50 23:12
amoloney2k,29-05-56 19:59
ecankett2l,25-01-11 13:56
acaddy2m,30-01-68 4:00
wworrell2n,14-03-97 4:04
lsimonyi2o,05-04-95 10:28
oodhams2p,19-11-56 9:03
dgurdon2q,01-09-65 19:13
efealty2r,20-06-10 10:49
gbackshell2s,30-04-88 6:00
hpafford2t,18-04-98 15:21
hkeast2u,18-10-16 4:39
erantoull2v,20-05-84 23:02
mcarmo2w,29-11-87 9:57
kholdey2x,14-04-60 7:20
gbradnock2y,09-06-97 17:25
ninder2z,15-11-02 17:03
gjudkin30,03-10-98 8:38
mpriest31,15-04-95 4:09
lepgrave32,07-04-90 9:35
adulton33,16-04-55 4:03
mforrest34,15-04-89 2:27
kmcfarlan35,16-11-09 14:51
hvasyutochkin36,30-03-70 13:28
vdivis37,22-03-16 14:39
jattle38,05-10-12 19:17
treyner39,23-12-69 2:28
mvanichkin3a,02-08-56 2:03
rcrosfield3b,27-05-68 3:07
mblanking3c,26-02-07 17:16
mfussen3d,27-07-65 6:24
ynayshe3e,15-10-74 5:28
mcoldicott3f,06-03-57 7:36
ywalsh3g,04-07-96 7:58
vkinney3h,29-01-57 13:58
bmcpolin3i,17-09-51 5:48
adeer3j,01-04-02 18:39
wfernando3k,24-09-73 10:40
abisatt3l,25-04-13 12:18
akuhwald3m,20-02-53 17:08
amacdirmid3n,10-05-71 15:47
ldowell3o,24-03-62 12:18
glidstone3p,05-09-87 12:09
hbarlas3q,09-07-81 0:42
cabrahams3r,07-08-75 5:04
gcolebeck3s,08-02-67 3:20
lroussel3t,24-07-70 10:52
jgronaller3u,17-02-83 18:37
kcanham3v,02-04-61 7:13
rwennington3w,21-05-73 0:16
ccroal3x,23-07-79 20:36
hvaughten3y,04-05-58 11:45
bturrill3z,29-10-75 21:40
canderson40,29-06-91 21:54
mcoviello41,25-02-91 2:47
lmitchall42,20-08-66 21:15
xipgrave43,22-04-91 13:54
emclagan44,24-05-10 18:18
roulett45,25-08-00 5:09
pbolwell46,18-11-65 3:03
lferschke47,19-06-57 12:14
wpipkin48,27-12-69 21:42
rkesby49,18-07-57 6:36
lech4a,23-04-66 15:44
nainge4b,20-11-72 20:21
bsummersby4c,02-01-72 8:45
ndetloff4d,30-04-97 9:24
dlucio4e,15-07-51 18:21
sandersch4f,14-04-10 18:41
stwiddle4g,16-06-52 18:52
kvamplus4h,15-08-78 23:57
hrenehan4i,29-01-81 11:06
kcasado4j,23-12-08 22:13
cgander4k,26-02-75 13:38
dmunning4l,28-02-13 22:05
edahlman4m,11-09-66 23:51
rbrissard4n,14-07-04 9:46
ocrucetti4o,24-06-03 15:45
kthalmann4p,09-09-53 11:14
jgleder4q,26-04-65 3:52
nhofton4r,19-03-81 10:53
llinley4s,01-08-11 21:21
dgurnett4t,11-09-90 4:53
taxtonne4u,30-12-07 2:41
vprestney4v,26-12-52 6:27
elynes4w,29-11-93 17:06
abaddoe4x,09-10-73 22:47
jcottem4y,19-12-82 0:44
cceeley4z,01-11-74 2:10
estallard50,06-02-06 2:54
kschottli51,21-05-76 17:14
hethridge52,13-02-53 0:54
csmalman53,13-02-70 11:46
carents54,30-07-68 3:16
kberesfore55,14-10-71 12:08
ebampford56,01-12-65 21:29
mseeley57,25-06-73 16:39
eheinel58,28-10-95 3:32
lbrambley59,03-05-81 5:56
wbellee5a,11-06-51 14:50
hbeauchop5b,29-12-04 11:10
tmeneo5c,27-09-05 9:48
pkrolik5d,17-03-54 6:49
mkalvin5e,28-11-55 3:02
aizaks5f,26-08-64 15:44
iminchinton5g,30-12-60 22:11
sogrogane5h,14-04-71 12:56
mhitschke5i,22-12-96 21:19
tmeighan5j,07-03-69 13:08
pchace5k,22-03-54 20:29
bmatteoli5l,31-10-90 7:22
shaslum5m,07-07-91 20:25
sulyet5n,19-12-06 22:28
dwakefield5o,07-12-81 9:39
eshieber5p,28-02-54 4:25
lmelpuss5q,28-01-68 18:42
jwearn5r,25-11-55 8:20
reverex5s,08-08-09 5:47
ekibel5t,14-08-79 21:35
educker5u,06-11-53 9:25
ebroggini5v,01-07-99 21:18
hscriven5w,05-05-90 2:28
rpyvis5x,19-09-07 23:54
kkenshole5y,21-09-08 15:06
craulston5z,31-12-15 21:13
seden60,10-11-01 14:03
bdruel61,01-01-76 19:13
pfayter62,08-12-13 22:06
kwadwell63,20-03-05 9:37
pwoolis64,16-04-82 8:45
twenderoth65,05-11-82 5:28
ljandak66,15-10-77 6:42
odaoust67,14-01-02 16:47
bjarritt68,09-08-59 11:15
wrobken69,12-10-52 23:38
heglinton6a,27-06-72 1:26
dchatband6b,31-07-64 18:50
askeech6c,29-01-74 18:21
ahadland6d,14-10-53 14:35
tlamberto6e,29-03-60 17:20
ddigweed6f,10-04-53 1:30
smcavin6g,15-05-84 7:14
ddarridon6h,17-04-72 10:14
tdingley6i,19-11-59 14:55
fbanisch6j,20-05-61 3:20
wbedle6k,22-03-75 9:23
jianiello6l,11-12-62 12:39
earington6m,23-06-61 17:08
lwainscot6n,12-03-84 16:16
smcmichael6o,27-11-89 13:42
fsearle6p,03-08-12 14:16
zgandar6q,13-11-64 1:53
sflemyng6r,27-09-04 11:25
eharrald6s,14-12-89 13:45
aarthars6t,03-11-77 6:27
egumn6u,07-07-52 21:15
fshirrell6v,11-02-71 14:34
fgoundrill6w,27-03-68 1:54
pragsdale6x,29-08-71 21:08
hyearron6y,23-01-03 7:02
bstandering6z,17-04-69 20:14
aelrick70,15-01-88 3:57
jorniz71,06-04-05 23:37
hbellhanger72,14-09-03 15:51
sbloss73,03-10-95 10:58
tlackham74,03-06-76 16:30
acoyle75,16-07-17 21:44
shanratty76,29-08-71 4:44
rassender77,28-09-90 19:27
vlints78,27-07-01 19:12
scudbertson79,18-06-94 16:34
jmercik7a,15-05-05 21:58
ocourson7b,17-09-70 21:35
pjeaycock7c,14-02-75 12:37
cbrahams7d,26-09-03 16:12
syouthead7e,25-08-87 4:29
vsaich7f,21-04-52 10:55
fdelos7g,21-04-90 8:26
bwoltering7h,06-10-92 11:00
ckoomar7i,03-03-13 16:48
rkienzle7j,27-12-68 19:47
mshippey7k,29-06-08 3:56
lfidgett7l,01-05-68 14:18
hstansell7m,07-10-74 19:54
hvogeler7n,13-02-86 22:38
bmethven7o,21-06-62 9:13
fscragg7p,03-02-18 8:32
flatta7q,19-07-66 12:10
gtarply7r,29-12-79 5:27
alawlor7s,03-10-61 3:38
iorvis7t,21-04-79 5:09
flowles7u,26-12-56 0:01
pluscott7v,28-03-11 22:32
gbollard7w,01-11-57 13:50
qmarusyak7x,10-10-04 20:44
mbrydon7y,06-01-09 23:39
molivetta7z,18-07-50 10:13
jpeacher80,22-06-72 3:00
qpickavant81,01-01-79 4:52
lduffan82,23-03-12 13:07
tloverock83,19-09-62 17:17
lhanford84,08-09-11 9:53
wtesauro85,16-04-63 7:07
mdurber86,27-05-76 21:14
cbines87,05-09-97 17:22
yalbin88,20-11-69 19:57
dbidwell89,30-05-75 4:56
fstoeckle8a,09-01-64 9:11
mbrandom8b,22-02-14 1:30
mbufton8c,18-06-83 17:49
cduffett8d,03-11-80 4:54
jlovitt8e,17-06-83 21:30
cdiggons8f,27-04-07 13:32
agrimble8g,05-07-82 20:01
ybrownill8h,29-04-89 16:42
sgerbel8i,22-05-06 20:19
smarkham8j,24-03-84 7:41
bphinnessy8k,07-02-87 20:55
mtapsfield8l,08-09-83 7:54
hfarreil8m,25-10-84 2:00
rniemiec8n,29-05-50 5:17
abeecroft8o,15-07-88 1:13
ekevane8p,14-06-99 8:38
sbonifazio8q,20-08-83 0:53
rastall8r,05-06-99 18:44
mbabalola8s,27-06-55 6:32
gmcniven8t,31-12-52 20:07
aside8u,14-08-63 10:04
cyushkov8v,25-08-00 3:22
chelleker8w,24-05-55 18:26
mjanauschek8x,30-08-77 4:14
cdecourtney8y,09-02-72 11:23
sdungate8z,17-08-97 20:12
ahalewood90,19-10-71 13:33
tmccleverty91,19-06-08 13:43
elovemore92,15-04-79 12:08
bbohlje93,31-07-07 6:43
bverheyden94,24-03-95 17:54
wwhelband95,14-01-54 18:37
mhammerson96,23-02-98 22:07
scheeld97,14-03-17 16:30
uballentime98,02-10-00 0:57
jogilby99,01-06-99 12:35
cmcilvenna9a,28-02-85 19:52
ddanev9b,28-01-63 14:50
dviant9c,01-03-84 0:12
luttridge9d,14-04-16 22:31
myoules9e,08-06-16 6:01
etrevna9f,16-04-13 2:33
sfarndell9g,07-03-98 17:01
sding9h,22-02-51 12:21
famoore9i,25-05-93 4:36
schilds9j,02-12-83 13:20
lmatticci9k,16-02-01 0:47
rcoytes9l,22-05-54 3:12
nhansbury9m,25-09-66 21:48
lconeybeare9n,05-09-70 7:25
fgillhespy9o,25-06-99 16:03
ihollier9p,25-01-87 1:51
zscherer9q,19-08-81 11:06
mhenken9r,13-12-90 1:57
bklosa9s,11-07-94 20:26
dlaweles9t,15-05-60 4:15
pemsden9u,27-03-76 1:22
hlyfield9v,05-06-15 3:54
ntanby9w,12-04-61 23:00
vcambell9x,17-01-09 17:06
csquier9y,28-05-08 19:46
fupsale9z,29-02-68 23:48
bmcswana0,14-08-65 20:52
jflintuffa1,11-08-16 5:15
peakleea2,10-03-14 0:24
maleksica3,04-11-15 7:50
nfitta4,11-10-94 9:25
lrasha5,04-05-67 11:30
mgladdisha6,30-01-75 11:49
dmcgiffiea7,18-06-90 0:44
lbevisa8,22-05-67 2:14
flatana9,28-12-85 6:03
tmccroryaa,08-08-14 16:14
dtrevaskisab,04-04-14 10:45
fpinderac,29-10-72 10:05
sglencrossad,13-09-74 7:37
hmosebyae,11-10-70 17:34
dbartaliaf,01-05-95 13:24
fboissierag,29-03-90 8:19
ebernardottiah,24-06-16 10:38
twadlyai,12-06-65 8:06
sroafaj,22-01-03 7:24
jweatherupak,29-04-65 23:58
bstudal,31-08-80 22:57
spirtam,20-04-01 15:55
tpreslandan,05-12-79 23:22
asiburnao,21-10-00 10:06
rgrederap,28-09-75 3:28
bsheddenaq,01-04-53 20:40
lgianniniar,01-05-51 12:12
jstivanias,01-02-86 10:56
rlaingmaidat,10-06-53 21:52
dolcotau,18-12-77 15:24
dlungeav,07-10-10 8:27
citschakovaw,01-04-92 11:58
ablightax,09-02-89 18:32
dpilpovicay,14-02-54 1:06
uplaiceaz,07-08-00 13:53
sberryclothb0,01-07-99 9:03
anewberryb1,19-06-70 21:55
rmissendenb2,15-07-93 23:14
dgrayshonb3,21-03-66 20:41
adeclercb4,09-09-68 4:49
dgomarb5,14-01-72 22:27
cwotherspoonb6,02-12-79 11:10
spendleberyb7,16-03-50 15:58
pallcroftb8,08-01-52 9:28
jnutbeamb9,21-05-91 6:22
csabathierba,20-01-09 20:06
csabbinbb,22-02-91 17:12
mofergusbc,07-12-06 14:42
ytantumbd,24-01-94 13:29
rdictusbe,16-02-84 8:37
eimpettbf,19-07-83 19:15
jkinsmanbg,27-05-93 19:41
chefferanbh,14-07-70 17:09
efosberrybi,21-07-96 2:54
eottewellbj,14-03-75 16:19
jtripettbk,29-05-01 20:48
munionbl,12-05-88 19:57
dpallisbm,18-09-03 15:13
tsimaobn,05-09-03 1:18
klinwoodbo,06-09-87 11:49
bbrotherhoodbp,11-10-92 23:39
kgarmsbq,19-04-90 3:13
oniccolsbr,03-12-63 5:22
astutterbs,30-10-69 16:35
ypfifferbt,14-04-89 3:16
cflawithbu,10-05-50 2:06
jspinneybv,23-06-51 20:03
lpurslowbw,27-04-52 12:25
awillartonbx,09-08-97 11:51
tulyetby,12-11-65 11:33
ldelayglesiasbz,14-06-76 1:45
kdowntonc0,20-02-53 6:08
lruddyc1,29-10-06 11:59
rworthingtonc2,10-08-52 20:23
haylesburyc3,03-10-98 2:02
hhendrickxc4,07-07-96 23:57
mmatteaccic5,29-07-70 14:38
hfaustianc6,09-11-64 15:54
eguntripc7,29-04-55 3:27
ehuntc8,31-10-95 10:09
kvairowc9,09-01-67 22:29
faldrickca,01-09-75 4:39
dcummungscb,26-07-53 14:23
ivequecc,06-04-51 19:55
mcurnokcd,11-08-89 11:30
ffraginoce,06-07-90 23:05
jballochcf,31-07-75 10:02
rsidwickcg,20-12-84 4:16
atomasekch,19-02-17 3:36
epatridgeci,04-07-57 7:20
gmoylecj,11-08-76 20:45
kminshullck,27-06-52 4:20
pdumbartoncl,30-11-57 10:10
scasterotcm,03-06-76 4:31
rartoncn,31-08-54 13:31
nthundermanco,20-08-58 19:46
bgaspardcp,03-12-75 7:59
svowelscq,19-09-74 22:20
chornbucklecr,28-02-14 9:58
cfisbburnecs,29-09-09 13:54
jseggect,01-06-71 15:37
alennoxcu,14-07-00 18:32
klagaducv,16-08-15 3:41
cjerroldcw,08-06-71 15:28
tmacconnellcx,23-12-98 22:34
gdunniomcy,01-06-93 6:47
pfaircz,26-10-63 20:36
hduchateld0,23-06-17 22:19
bnorringtond1,22-01-96 2:23
bruitd2,24-12-05 16:41
vquind3,31-03-80 3:57
lchiplend4,01-09-03 8:53
mbowlesd5,26-05-15 1:32
npesakd6,14-06-89 5:40
rdemalchard7,21-04-91 2:57
bbraynd8,05-03-96 19:11
ddennehyd9,19-02-66 1:28
xnuscheda,19-12-77 7:47
cjohnigandb,23-08-62 11:02
aormandc,05-02-55 7:29
aantonescudd,09-11-63 15:00
mbogaertde,24-08-64 4:00
chundelldf,26-11-56 2:55
wkelshawdg,16-07-79 3:25
pheijnendh,18-02-07 15:49
krudalldi,18-07-15 22:13
lpearlmandj,27-01-60 2:13
cliverockdk,11-11-53 14:21
qzanottidl,30-08-16 10:37
rstarkingdm,18-02-02 22:02
cshambrookedn,21-11-10 22:35
mhockingdo,26-01-74 2:33
rbetancourtdp,24-10-00 11:45
gwillmettsdq,14-07-93 20:57
sthoriusdr,15-03-78 3:06
toldknowds,08-09-04 0:02
jworkdt,25-07-82 16:19
jlouedeydu,11-07-16 20:50
aateggartdv,03-01-72 15:36
jscatcherdw,22-06-74 13:14
mbasezzidx,27-09-57 13:58
abrandlidy,20-12-13 12:01
samiesdz,29-09-68 20:20
rcasole0,30-11-01 7:17
kgeorgele1,28-09-02 12:45
vbuttlee2,20-05-79 2:09
kmcdermottrowe3,02-07-68 13:55
pnailee4,04-05-86 18:58
locurneene5,04-01-63 14:11
hneligane6,18-01-03 7:24
aancelle7,04-06-00 20:41
adelacotee8,02-08-03 18:52
gplaine9,13-12-55 3:42
ipedderea,14-05-87 7:55
ekelsoneb,27-11-78 19:30
gjohananovec,20-11-95 18:54
bbloschkeed,03-06-51 15:48
sfaustianee,27-12-68 0:24
kcampanelleef,20-12-91 4:29
dcallendereg,20-06-10 12:34
bbenezeeh,11-06-86 17:28
cletfordei,06-09-12 1:54
acrasswellej,05-01-54 1:51
tgolderek,25-03-84 14:29
eexallel,26-09-90 18:59
gpetrukem,18-10-66 15:50
jfainten,30-07-54 14:49
vbleaseo,29-10-07 4:53
mheballep,16-03-88 6:06
tsnodayeq,17-02-65 17:48
graulstoneer,24-03-58 2:08
lbarmees,02-07-16 21:32
ljacobowitset,18-06-64 22:13
cmaddafordeu,02-06-04 18:27
mrupkeev,22-07-68 0:36
cgelsthorpeew,29-01-68 4:20
ipenniex,15-07-62 11:18
kcockiney,07-11-97 1:14
jlentonez,06-01-67 0:43
jcraggf0,30-01-06 13:44
fmelluishf1,10-11-85 1:38
hrembrandtf2,01-11-92 23:23
gvonderemptenf3,07-12-54 1:02
cbrymnerf4,03-12-72 23:31
amaccathayf5,12-04-87 11:10
erubertif6,07-03-03 1:23
ahalledayf7,14-04-77 22:01
ipollardf8,19-07-12 9:18
lniemiecf9,25-09-83 17:13
jantalffyfa,12-02-94 8:04
mfourmyfb,07-11-94 18:44
bharbidgefc,20-06-13 0:22
tmckernanfd,26-08-09 2:04
jfinderfe,19-05-70 13:54
dryamff,27-11-52 11:28
jdecristofalofg,24-03-76 8:01
fbesfh,14-03-70 5:41
hharrimanfi,06-11-67 7:50
cklossmannfj,21-04-91 17:39
oiacovuccifk,21-07-69 0:27
agaskinfl,29-06-59 14:33
glookerfm,05-04-14 3:14
oparrisfn,09-01-57 15:26
dhouchenfo,15-10-53 7:54
ssudworthfp,26-03-17 23:47
monyonfq,30-03-07 15:52
chumanfr,16-05-04 6:48
ikerbeyfs,01-02-77 18:24
drauft,19-04-05 23:47
bdanielfu,07-02-97 19:01
sjohnstonefv,25-06-80 6:22
mpllufw,08-03-80 7:29
awhitingfx,20-06-03 9:23
kpestellfy,26-08-09 6:18
rchalonerfz,10-06-98 0:50
bwhytemang0,08-04-07 21:51
kreichertg1,19-11-54 11:39
hsafontg2,04-07-01 17:34
gwharramg3,18-11-83 19:23
amarnesg4,27-03-56 2:55
tmcmorrang5,21-05-15 23:56
vmcgeachyg6,06-11-52 0:11
nkhristoforovg7,26-10-55 17:42
mcraggg8,27-06-93 11:15
wrontschg9,05-05-58 12:34
tcollacombega,04-04-86 0:17
ajestegb,02-12-91 1:27
ihuxtablegc,21-10-15 2:15
ccresargd,13-06-52 18:41
jkytleyge,27-08-94 5:54
ichelnamgf,16-06-70 15:41
edenyukhingg,10-03-60 23:52
hreddangh,25-09-99 17:03
sgascardgi,17-08-93 17:51
gstennetgj,19-08-57 13:23
bdradeygk,28-11-88 14:21
nmacdonellgl,20-08-02 16:18
eabbeygm,07-03-10 8:48
ddellenbrokgn,18-10-89 8:15
bwillcotgo,26-09-53 1:30
amonckmangp,23-04-07 11:00
bpickrellgq,04-04-83 18:44
eshallcrassgr,11-01-09 7:23
mrishbrookgs,20-10-89 19:07
tgetcliffgt,09-05-57 23:09
hversongu,12-04-08 17:00
cmolinegv,24-04-58 12:19
cclaveygw,28-03-09 4:24
tbichardgx,04-05-92 0:16
sdanielotgy,22-04-87 10:59
ojarrelgz,17-10-64 4:59
lsandellh0,26-11-72 22:24
dscargleh1,05-09-91 19:53
scomellinih2,06-05-00 17:54
kbuggsh3,29-03-66 12:41
mquadeh4,18-10-68 9:24
ltrewarthah5,25-03-76 17:28
baireh6,13-08-63 2:42
hjoslandh7,15-08-14 12:58
jbeevorh8,05-12-16 13:18
cslocketh9,14-06-94 12:29
mbrikha,30-07-68 13:00
jforganhb,24-03-72 8:07
sisacssonhc,08-09-90 16:15
aossultonhd,13-08-15 19:43
gfolominhe,25-02-00 1:27
pheinzlerhf,15-02-79 21:01
kblagburnhg,30-09-53 9:36
aspilemanhh,26-03-89 19:40
pfitzmauricehi,25-02-01 23:24
tbeazeyhj,17-04-62 23:18
aodoghertyhk,23-01-14 16:16
mdudderidgehl,11-04-88 16:51
aplosehm,21-02-15 11:08
tcastilljohn,14-09-86 1:17
tpicoppho,08-11-83 2:22
cranyellhp,27-05-88 5:22
fchaundyhq,22-10-89 7:12
bvirgoehr,20-03-12 6:53
dleesonhs,05-09-60 6:15
egrossmanht,07-02-77 2:44
brolfohu,15-02-51 3:05
aaudleyhv,27-08-12 13:33
vvillaronhw,24-05-94 20:43
srhymerhx,31-07-53 1:12
rvannozziihy,18-10-60 9:15
egoodingehz,14-11-58 19:29
lwissbeyi0,30-04-06 21:00
lgowleri1,31-07-70 14:47
rdwellyi2,02-06-14 19:16
astrangmani3,14-05-09 11:24
psweetenhami4,19-02-86 13:49
mindruchi5,26-11-17 12:26
ecoulei6,05-12-72 16:13
lbothiei7,05-04-76 4:16
fshivlini8,07-03-61 0:50
apeceyi9,14-05-83 9:20
tperhamia,03-08-61 8:22
gshoneib,02-02-56 8:51
kjinkinic,13-12-78 19:13
mschoolfieldid,14-04-02 22:29
omacneachtainie,14-12-90 20:04
tbramsomif,22-01-72 12:10
mclayhillig,21-07-00 20:01
rkyleih,04-10-92 11:01
sgoodliffii,21-12-96 10:45
aeverestij,08-06-83 20:00
dboaseik,04-12-92 6:38
hcumptonil,14-06-80 9:31
hgatecliffeim,07-11-10 20:16
kgadsdenin,19-03-64 4:17
dcasacciaio,22-07-93 23:12
msmallcombeip,14-11-70 15:20
mstayteiq,29-11-59 22:07
sthreadgoldir,13-10-76 1:58
fmaggioriis,22-02-91 23:08
smckinlayit,23-08-97 12:51
fgreaderiu,23-05-89 19:51
gpetrolliiv,15-09-55 4:20
gforsythiw,07-01-52 21:47
kolliarix,24-09-89 18:34
mwebborniy,22-07-94 10:34
glovelliz,07-02-80 1:30
jswadlenj0,19-03-80 10:05
edoolerj1,23-09-61 13:18
hamerighij2,10-06-14 22:41
lcogerj3,27-12-89 3:40
bbownessj4,03-04-67 23:21
adallanderj5,15-03-52 3:30
manglinj6,05-11-59 6:30
lellorj7,20-08-73 19:50
ahinchonj8,07-04-74 15:54
vbickmorej9,04-02-57 2:50
tnovotnija,04-12-07 4:13
yremirezjb,22-06-60 22:29
lfinckejc,05-02-55 21:08
kkasteljd,28-02-69 14:31
gdymokeje,17-07-62 16:00
rbrydenjf,26-03-03 14:53
egubbinjg,13-04-50 11:59
amcglaudjh,20-02-99 1:37
nworswickji,26-04-71 17:17
gbolinjj,11-06-82 11:02
chayfieldjk,24-01-14 17:22
ldoodneyjl,27-04-07 7:17
ceneasjm,01-11-64 23:11
hparysownajn,09-06-78 9:40
bcroysdalejo,02-08-53 1:14
ewilbyjp,08-02-53 19:41
xhaythornthwaitejq,14-08-07 4:59
pmirrallsjr,24-12-56 19:59
cbratchjs,27-12-09 12:21
zmclesejt,23-08-92 22:19
hweldrickju,11-06-11 16:24
dcailjv,01-12-11 2:10
uwoolstenholmesjw,27-10-58 8:33
arubkejx,29-04-94 13:34
rsaltwelljy,13-05-15 21:05
jliepinajz,14-08-75 11:14
dprangnellk0,12-03-92 9:01
qsimmersk1,06-02-70 21:12
mmerchantk2,16-02-79 5:01
astegerk3,27-10-52 11:52
lslowgravek4,08-02-68 16:53
zduntonk5,19-09-02 0:03
tcoolahank6,27-12-85 19:12
ctrucek7,23-01-90 10:41
mdenhamk8,19-11-59 14:21
hthorpk9,16-07-50 4:47
spetruka,23-04-09 19:24
kbuttingkb,02-06-03 15:43
lsanzkc,05-10-89 4:26
crittmeyerkd,21-04-83 0:55
wcoreyke,20-07-95 2:34
lhubballkf,25-10-84 13:43
mraisbeckkg,02-12-94 22:57
vgellierkh,18-10-68 5:42
lsmullinki,29-10-99 13:08
vandresserkj,25-04-76 16:36
dfearnehoughkk,12-08-62 17:00
swaterfallkl,04-07-79 2:57
pdawsonkm,03-08-85 22:24
sfenlonkn,19-01-69 23:40
atyzackko,08-11-60 2:01
mtweedkp,06-05-76 11:10
ewenzelkq,02-07-81 12:25
oduddellkr,18-12-15 10:31
ehalsoks,12-06-85 10:02
apendleberykt,17-12-02 2:47
jjewissku,03-05-89 18:18
cradbornekv,03-07-83 20:09
mbittanykw,13-08-12 0:28
cdeemkx,10-01-14 4:37
gaslieky,22-12-80 5:42
vrickertkz,07-07-58 1:18
nyannel0,24-05-12 14:02
bvahll1,23-01-18 4:31
rmcgorleyl2,27-10-51 20:50
lbroughl3,02-09-57 21:18
grotlaufl4,05-04-80 0:34
shuffyl5,29-11-92 19:21
vlanceterl6,07-04-95 15:56
mguideral7,11-12-12 13:13
jdurnfordl8,27-01-07 18:52
cterbeekl9,05-05-15 18:15
cwhitemanla,17-07-84 11:40
aaldislb,06-06-58 17:29
psemanlc,20-08-84 13:55
jcrumbleholmeld,19-04-91 12:38
efearensidele,18-08-82 19:05
smacarthurlf,15-04-86 10:37
lreadittlg,11-09-89 13:38
cmcilwraithlh,20-04-08 17:11
voatleyli,26-02-75 16:46
spasleylj,25-06-96 5:13
mbartholomauslk,19-02-83 16:36
vkeanll,08-03-76 4:07
rgrumbridgelm,30-06-73 17:48
fhavelineln,01-08-91 21:48
msommerscaleslo,19-06-87 14:43
tpottenlp,09-04-97 4:05
eouterbridgelq,04-04-60 16:23
rwyethlr,31-10-76 12:20
zmenichinils,29-09-64 2:56
fboytonlt,22-08-67 1:18
readlu,15-07-70 20:33
dmeindllv,08-02-72 2:50
tcahalanlw,25-07-01 17:17
achoulertonlx,25-01-11 18:42
mkirkely,03-10-72 21:11
dbortolottilz,01-11-11 19:11
kmurrhauptm0,02-04-75 4:39
amccrystalm1,31-01-82 5:39
zlodwigm2,16-09-61 0:04
tsparsholtm3,19-02-79 21:25
wmcleoidm4,21-05-05 7:20
cgavozzim5,08-04-71 3:40
dschulzm6,26-10-93 7:47
gslitem7,31-05-65 4:21
mpedriellim8,12-12-14 14:58
msollarsm9,24-12-08 18:05
ahartzenbergma,10-11-95 15:05
rgammonmb,15-04-96 19:41
dclaitonmc,26-04-92 5:10
tkynanmd,10-05-80 4:58
awilloughwayme,12-06-58 8:35
fpetchemf,03-01-99 20:23
bchaddmg,23-09-16 15:13
ckardosstowemh,25-02-71 12:31
mmasseimi,24-03-72 5:39
cgregorioumj,23-03-96 11:35
bturmelmk,02-08-57 13:30
tverrillsml,08-07-54 5:42
paldhousemm,01-10-88 23:43
rdeaconsonmn,25-08-86 8:12
bfarfalameevmo,11-12-61 14:58
jwortonmp,24-11-08 21:16
ghaysmanmq,26-03-01 10:42
nmartelmr,04-12-72 15:47
cgertzms,15-08-17 22:04
bgraveneymt,20-12-67 12:23
tarnkemu,28-09-05 9:27
goleymv,24-04-88 9:00
lwondraschekmw,02-10-82 19:35
chabgoodmx,24-11-69 0:48
jhimpsonmy,20-09-16 5:27
rmettsmz,10-10-77 12:08
bbirchnern0,04-03-01 11:10
awasonn1,23-04-51 15:47
jmuccinon2,27-05-59 15:53
scoplestonen3,02-04-53 11:00
sbartelotn4,13-12-89 17:30
mgodbaldn5,26-10-95 17:13
spidgleyn6,09-06-69 12:01
dorgenn7,12-03-91 2:25
ggearyn8,29-03-88 17:09
rgobyn9,04-05-02 9:55
mchaplinna,05-02-74 21:21
zmattysnb,17-05-80 11:33
mlocktonnc,20-02-13 2:14
egogiend,05-09-61 6:43
meagellne,14-08-50 6:24
jbellissnf,14-07-15 17:38
wheleng,28-02-11 1:08
arussinh,04-03-77 23:47
dhucknallni,21-04-14 18:36
flagenj,30-03-73 4:52
mrumgaynk,03-06-50 17:06
nproskenl,15-03-17 4:27
sbingnm,22-03-70 20:28
ivansonnn,14-02-85 5:15
gjollandsno,29-08-72 1:12
sclubleynp,29-04-87 3:03
wsmorfitnq,17-04-54 12:44
cwoodbridgenr,08-11-75 15:40
apollockns,17-10-16 7:49
jtanswillnt,10-02-99 14:34
koganiannu,06-01-15 5:09
ddennicknv,23-09-10 6:42
spineauxnw,31-08-90 9:29
mmcfarlandnx,16-03-75 10:08
mspurgeonny,24-05-81 17:06
tnewricknz,23-09-83 11:44
dskeletono0,18-02-93 11:37
mantonaccio1,15-03-88 1:22
nmacnucatoro2,03-02-74 3:58
rabramovicio3,04-10-67 23:32
rbaynhamo4,17-02-16 4:15
pbootyo5,19-04-08 22:31
cfiellero6,08-03-86 16:19
mleggeo7,21-03-90 20:53
yeversono8,09-07-14 16:36
etoftso9,03-11-06 12:48
csaywelloa,23-09-82 17:47
ceverestob,09-10-98 21:00
ajerrimoc,12-10-73 1:14
wfeaviourod,02-08-78 12:02
ntreskeoe,28-07-61 18:29
kdoddof,22-03-12 15:12
vhodgetsog,13-04-78 0:11
bgreggoh,18-06-99 11:38
rjorisoi,28-12-60 22:20
mandrinioj,09-08-15 19:38
bpaskinok,04-11-51 16:36
mkleinerol,17-10-73 7:51
sericksonom,29-03-62 16:38
wsteynoron,01-08-85 0:56
azelakeoo,29-01-15 3:29
ekitmanop,15-08-86 18:32
dheckoq,14-06-60 22:03
byarhamor,13-02-72 19:34
jpinsentos,03-12-92 22:10
rcreeot,15-11-60 17:22
rlarkou,07-06-79 12:08
itarpeyov,08-10-15 5:38
smarchentow,27-12-17 21:49
cklambtox,27-05-74 7:49
zsmalingoy,11-02-12 18:06
vhancornoz,02-04-63 5:19
amahmoodp0,06-09-09 2:36
xflacknoep1,12-06-75 8:04
khastp2,17-03-11 3:57
lodgerp3,20-07-75 21:28
tjedrzejewskip4,13-11-13 3:52
fmashp5,21-08-68 18:36
atrottp6,20-02-60 14:07
bclearyp7,16-11-61 1:26
ddewickp8,17-01-06 3:31
sgeikiep9,22-12-83 3:20
tcraighillpa,29-09-07 2:28
igrovespb,20-10-06 22:27
twilseypc,30-07-93 3:53
landriollipd,30-01-15 21:43
hgaskenpe,23-03-55 7:39
brothpf,26-12-10 9:13
kdomenichellipg,03-02-96 17:24
atrevorph,26-05-69 2:02
eswordpi,02-11-02 22:13
qwerrilowpj,20-08-56 4:28
ldahmelpk,18-09-87 4:23
adommerquepl,08-08-77 9:29
bhatterslaypm,13-04-99 23:21
lscurrerpn,05-05-81 3:37
cgonpo,24-05-05 0:21
lstanlakepp,23-03-16 3:54
lamesburypq,14-03-55 10:31
nheitzpr,09-08-66 23:33
rblaberps,02-12-95 23:55
fvowlespt,08-10-74 8:18
rquarmbypu,27-04-00 9:18
lberisfordpv,04-10-71 21:08
opethickpw,26-01-02 4:13
sbakeuppx,08-03-56 6:24
cotterpy,04-08-76 7:49
jstainspz,12-06-55 9:38
jforestallq0,12-05-16 19:33
sleytonq1,21-04-85 10:15
gbougourdq2,24-04-57 3:42
dstefanovicq3,20-09-65 7:34
ghuneq4,12-08-86 11:50
jgrisleyq5,17-05-60 3:13
acottieq6,15-05-52 19:15
athiesq7,06-02-09 0:03
ddeveyq8,24-05-80 12:00
kjoinerq9,09-01-55 2:26
lshermanqa,09-02-54 10:50
lstuttqb,05-05-87 19:21
bmandersqc,04-04-82 15:00
zphillpqd,20-07-53 10:42
sbernatqe,17-04-06 23:47
gdumphyqf,29-04-87 23:59
jboyceqg,05-02-71 3:13
mcroomeqh,15-12-78 15:15
ahuttqi,17-11-57 7:29
mmebesqj,27-04-91 11:14
sadairqk,21-05-99 16:08
afellowsql,18-05-05 22:03
ewaulkerqm,31-01-85 9:56
lgilloranqn,31-03-62 4:27
nbreacheqo,21-08-80 13:50
cgoingqp,19-08-71 11:44
rnussiiqq,19-09-62 5:39
tpoveyqr,01-03-91 2:09
ejehaesqs,02-02-65 11:43
ecampaqt,10-01-04 23:28
telstowqu,26-03-03 15:33
dmacciqv,28-10-74 19:01
hlillicropqw,21-01-79 1:53
edickerqx,23-12-87 8:39
ibloomerqy,21-06-09 23:00
eoborneqz,10-09-13 3:34
kflawsr0,14-11-62 12:46
ksutterfieldr1,22-09-68 14:48
cconklingr2,15-11-06 7:40
aberisfordr3,02-03-02 3:59
bchiltonr4,14-03-91 18:59
lloyleyr5,06-11-63 17:19
eferbyr6,29-03-61 19:34
bclearsr7,04-11-00 15:56
fstreetingr8,10-07-12 6:55
karnaudinr9,20-02-87 18:03
ccastaniera,17-02-57 22:41
msellimanrb,10-07-55 11:25
fhaddestonrc,17-03-92 17:28
zlethbridgerd,27-08-15 8:14
vgoodere,16-07-94 19:37
wallpressrf,10-10-54 12:49
glambdenrg,14-12-53 19:31
amarfieldrh,09-01-60 4:31
tarmstrongri,29-03-51 8:32
tpasfieldrj,02-11-15 8:31
rmasselrk,17-11-94 9:42
emordonrl,02-09-66 20:17
rcalbertrm,10-02-04 18:45
kbriddockrn,04-12-17 8:29
ctoulchro,25-05-81 11:23
cspriginrp,22-08-60 16:03
rlipscombrq,03-11-95 4:56
jpinchenrr,01-11-76 10:22
